,0,200,400,600,800,1000,1200,1400,1600,1800,2000,2200,2400,2600,2800,3000,3200,3400,3600,3800,4000,4200,4400,4600,4800,5000,5200,5400,5600,5800,6000,6200,6400,6600,6800,7000,7200,7400,7600,7800,8000,8200,8400,8600,8800,9000,9200,9400,9600,9800,10000,10200,10400,10600,10800,11000,11200,11400,11600,11800,12000,12200,12400,12600,12800,13000,13200,13400,13600,13800,14000,14200,14400,14600,14800,15000,15200,15400,15600,15800,16000,16200,16400,16600,16800,17000,17200,17400,17600,17800,18000,18200,18400,18600,18800,19000,19200,19400,19600,19800,20000
0,5.85,6.15,7.25,6.6,9.4,7.3,11.6,10.1,10.95,11.1,14.3,18.5,18.25,24.35,29.8,28.45,34.9,40.95,45.35,51.8,52.5,59.4,60.2,69.55,74.55,75.45,79.15,84.2,87.6,86.95,91.4,94.45,91.75,95.85,94.65,95.5,97.55,96.15,97.45,96.85,98.0,102.65,98.95,99.35,99.55,99.1,98.8,99.5,99.9,99.9,99.4,98.9,100.0,98.6,99.4,99.4,100.85,99.75,100.05,99.4,99.85,100.4,96.6,99.6,99.8,103.1,97.6,99.7,100.5,99.3,99.3,101.2,101.9,101.0,97.9,101.4,99.8,99.8,102.3,103.5,101.4,100.8,97.9,97.2,101.2,97.7,98.0,100.4,99.6,98.1,99.9,100.1,99.8,98.1,102.0,101.4,102.4,100.2,98.2,100.1,103.3
1,6.85,5.2,7.0,6.4,8.8,8.25,10.5,8.85,10.8,13.9,12.65,17.95,19.35,25.15,27.35,31.4,34.2,39.65,48.2,47.55,54.8,57.55,60.8,70.35,73.4,74.2,80.1,83.45,86.25,88.1,85.9,90.65,92.85,94.9,95.95,96.25,98.9,96.7,97.75,98.1,97.5,100.3,100.15,98.2,100.95,97.3,97.8,94.15,98.6,99.6,100.25,101.1,103.1,98.8,100.35,98.2,100.7,97.55,96.9,101.25,98.85,97.4,100.5,98.8,96.6,101.3,100.0,100.2,97.8,98.6,99.1,101.5,103.9,101.9,98.2,102.3,99.6,99.5,101.2,103.3,100.4,98.1,100.5,97.2,100.4,98.6,98.6,100.7,102.1,99.9,105.8,99.4,97.6,103.5,103.4,103.0,100.4,98.1,100.9,101.3,100.0
2,5.95,6.1,6.7,6.8,7.5,8.95,9.7,11.15,11.75,13.65,15.05,16.8,21.8,24.35,30.15,31.5,36.35,39.15,49.85,49.95,52.6,62.8,62.45,68.75,73.4,74.2,80.25,84.7,86.45,87.65,90.85,90.85,92.85,94.4,96.05,96.4,96.25,94.75,97.9,98.0,97.2,102.6,98.05,102.15,100.9,99.7,100.45,98.8,101.75,97.3,96.9,100.9,98.1,101.25,102.75,101.5,97.5,99.95,100.15,102.0,101.25,100.0,100.4,101.7,99.4,101.6,101.7,98.6,100.7,98.6,100.9,98.6,98.6,99.1,97.9,99.8,99.3,98.8,100.3,100.7,98.0,100.4,102.6,98.2,102.0,99.3,99.9,98.8,96.8,100.2,99.8,99.1,100.9,100.5,97.5,101.2,97.1,100.9,104.9,101.0,100.9
3,5.15,5.05,5.3,7.9,7.1,9.35,9.3,10.6,11.8,11.85,14.6,16.7,18.3,25.55,29.35,32.0,33.5,41.15,48.15,51.2,52.7,59.85,62.8,65.1,72.25,76.3,80.5,85.1,88.1,89.1,91.0,90.65,94.05,94.05,96.25,96.75,97.5,95.5,99.7,98.95,98.55,100.8,100.2,99.65,97.95,99.85,99.8,99.85,97.7,98.95,98.3,100.55,101.2,98.15,98.25,98.05,100.6,101.15,100.65,97.5,100.5,100.65,100.2,99.8,99.5,97.4,96.9,98.8,98.8,99.0,100.2,100.2,101.0,100.0,101.3,100.4,99.3,100.9,101.7,99.5,99.5,99.0,101.3,99.7,101.0,102.3,101.3,98.9,100.1,101.1,101.6,99.6,100.4,100.8,98.8,100.5,102.8,99.8,100.8,101.4,102.4
4,5.1,4.9,6.5,7.9,7.25,8.1,9.8,9.2,12.55,11.25,14.0,18.3,21.05,26.35,32.95,29.25,34.05,38.9,48.35,51.1,51.7,61.4,64.1,64.6,73.9,74.7,80.65,83.35,85.05,89.15,86.25,89.85,93.35,96.05,95.85,96.35,93.2,97.15,101.35,98.75,99.9,96.55,99.3,100.95,100.5,97.2,99.75,97.25,99.2,98.25,98.5,102.65,100.65,101.15,100.45,101.95,102.2,100.2,99.1,98.45,99.6,102.0,103.6,100.4,99.1,98.9,98.1,99.2,102.8,101.2,98.9,100.9,103.6,100.1,100.3,101.3,106.7,98.4,98.7,101.3,101.3,99.6,100.2,99.7,103.3,102.3,99.1,100.7,100.5,100.8,100.2,97.9,100.8,99.9,102.8,98.2,102.1,100.7,99.5,102.2,100.4
5,5.05,5.7,5.6,7.6,7.25,8.15,9.85,12.0,11.2,10.45,15.45,19.25,19.0,25.3,29.05,29.0,36.25,40.8,46.0,52.75,53.6,61.75,63.35,64.8,69.95,75.0,77.35,83.9,83.25,88.25,87.75,90.45,93.2,94.35,94.95,94.8,97.6,96.25,96.95,97.05,97.4,98.95,99.05,100.75,100.6,98.3,97.45,100.65,99.75,99.2,97.1,96.65,99.25,102.7,100.3,99.75,101.05,100.25,97.15,98.95,103.1,100.0,102.2,103.3,103.9,100.4,100.3,99.5,101.1,99.9,97.9,103.4,103.0,99.8,101.6,98.1,100.2,101.4,98.8,99.9,98.2,99.1,99.2,100.7,101.5,100.8,99.8,96.1,100.1,100.4,99.3,100.7,102.0,99.7,100.0,100.1,100.9,102.3,100.0,100.3,99.9
6,6.05,5.35,8.85,7.05,10.45,7.1,11.6,12.65,12.35,11.7,15.7,18.55,19.9,23.15,29.55,29.3,34.65,43.3,46.6,49.8,54.2,59.8,61.5,67.25,70.65,75.7,78.85,84.15,84.1,88.35,88.35,93.0,95.65,93.9,96.8,98.25,97.45,95.55,97.9,99.75,100.75,100.75,99.9,95.1,101.2,98.25,99.2,98.3,98.95,100.95,101.65,101.3,101.45,102.1,102.1,98.0,99.25,99.65,98.95,99.2,99.95,102.2,101.4,98.2,102.6,100.6,103.3,99.4,101.2,98.3,98.9,100.1,99.7,98.7,101.6,100.9,100.5,100.2,103.3,99.2,99.2,101.7,99.3,99.7,98.7,101.0,100.4,101.8,100.7,103.7,97.1,100.6,99.4,101.6,99.1,99.5,99.6,98.7,97.1,99.9,99.3
7,7.9,5.65,6.3,5.8,7.05,9.6,10.2,9.75,11.35,12.7,14.35,17.35,22.7,24.35,28.45,31.2,33.95,43.5,46.9,49.8,56.4,60.4,61.9,68.0,76.2,75.7,78.3,80.1,83.05,87.1,88.85,91.95,92.9,95.8,92.7,95.65,98.15,97.0,99.25,97.2,98.05,99.7,99.1,100.3,97.2,99.25,99.1,100.45,101.05,101.25,99.6,98.9,102.25,100.15,99.65,100.05,101.75,103.8,100.15,99.9,98.95,98.55,100.7,97.6,100.0,100.0,100.6,98.5,101.7,99.5,100.9,102.6,99.5,101.7,99.1,99.7,96.8,100.0,100.5,100.6,97.0,100.8,98.3,101.3,96.8,97.5,99.6,102.1,101.6,99.2,100.0,100.4,99.3,98.1,99.3,101.8,102.7,101.3,101.9,100.4,100.5
8,5.35,5.6,5.3,6.8,7.55,9.7,10.5,11.5,10.75,12.0,14.2,18.7,19.15,26.2,29.95,28.9,36.4,41.4,48.45,51.8,54.2,58.15,62.45,66.5,73.65,73.7,76.95,84.45,84.8,86.95,88.6,91.05,90.55,93.5,93.65,95.9,97.35,98.3,99.95,97.7,98.7,100.3,100.35,100.8,100.75,96.2,98.3,97.05,99.5,99.75,100.6,99.55,101.95,99.0,100.55,100.2,99.1,99.05,98.75,99.95,100.0,102.7,100.3,101.4,96.6,98.1,100.4,101.4,97.1,99.2,99.9,99.6,100.9,101.0,100.7,101.3,100.3,97.8,100.4,96.9,101.6,100.2,97.8,98.6,97.2,97.7,101.2,101.0,102.1,100.2,98.9,100.9,97.5,98.2,98.4,100.1,99.2,99.1,100.1,98.9,99.1
9,5.55,4.6,6.15,7.15,7.8,6.85,8.5,12.05,12.3,12.0,15.5,17.1,20.7,25.4,27.3,31.05,32.6,43.75,48.2,49.5,53.45,62.1,63.75,68.1,69.65,74.5,79.9,82.25,85.0,89.25,89.55,89.6,92.2,95.95,93.55,94.55,95.4,96.75,97.0,99.0,99.3,97.2,98.05,99.0,97.65,99.15,97.05,99.3,95.8,99.1,96.75,101.75,100.05,98.45,100.5,98.75,101.05,98.65,100.85,102.2,101.95,97.95,101.1,98.9,101.0,101.8,101.0,101.3,99.8,100.5,97.7,99.1,99.1,100.4,99.9,100.6,99.8,99.6,100.2,99.9,100.3,99.1,99.7,100.3,99.5,99.3,97.1,100.1,100.3,98.7,98.8,99.0,98.7,99.0,98.6,103.6,99.1,98.4,101.6,99.7,103.0
10,5.95,7.95,9.5,7.5,9.4,8.8,8.55,11.95,11.3,12.65,13.6,18.25,18.95,26.65,28.7,29.0,31.1,39.65,47.7,52.45,55.5,60.45,62.4,66.35,70.75,72.25,80.7,82.45,87.55,87.55,90.3,91.85,93.15,93.6,95.05,96.55,97.7,95.85,98.6,98.45,99.95,99.8,98.25,100.15,100.0,101.5,98.55,100.75,103.15,100.3,101.2,99.3,100.65,96.9,98.45,98.05,99.6,98.45,99.3,100.7,97.2,100.15,98.3,98.3,100.8,100.1,101.8,99.0,99.9,97.5,100.8,100.9,102.5,100.4,100.8,100.6,101.5,101.2,102.4,99.0,99.5,98.0,100.0,102.3,98.9,97.8,99.1,98.5,97.7,101.9,100.4,102.3,96.9,98.8,100.7,101.2,100.0,98.8,99.0,99.0,99.2
11,6.8,6.35,6.3,7.65,7.3,7.2,8.8,10.55,10.6,11.3,16.65,18.6,20.2,23.9,28.55,30.95,36.95,42.1,47.75,48.3,53.4,59.95,61.85,65.65,72.4,75.4,77.85,83.1,83.35,87.95,91.4,89.8,93.35,95.0,94.95,94.3,98.05,93.85,98.2,101.1,98.65,99.75,98.35,99.5,97.9,101.05,100.2,101.1,100.7,99.7,98.15,99.05,101.5,101.6,103.1,102.6,99.35,101.5,99.05,100.75,100.35,99.45,100.2,100.1,97.5,98.2,100.1,98.1,102.6,99.2,101.5,100.5,99.5,99.6,104.0,99.4,101.4,97.6,101.7,101.4,100.9,100.4,103.7,99.0,99.0,99.3,101.7,98.9,99.2,103.6,101.1,99.8,102.3,99.1,98.0,101.7,100.8,99.9,101.3,97.7,99.9
12,7.85,6.3,7.35,8.45,7.85,9.2,9.2,8.5,11.0,12.45,14.4,17.4,22.3,25.4,27.6,31.15,35.05,40.8,45.8,50.25,55.4,62.1,61.55,68.2,74.0,75.9,78.05,83.4,86.1,90.5,92.75,90.35,91.15,97.1,98.3,94.05,94.7,98.05,98.7,99.0,100.3,98.4,98.4,99.65,99.1,101.25,101.0,99.05,99.7,100.75,99.7,101.4,101.75,98.95,99.2,99.0,99.1,97.9,100.2,98.45,103.05,100.85,100.0,104.9,102.4,99.6,100.0,100.4,100.7,101.4,99.0,101.1,101.6,100.8,96.6,102.9,100.8,100.9,101.1,101.8,100.6,101.4,98.1,98.8,100.2,100.1,99.9,101.6,102.4,98.8,102.4,100.8,100.6,98.7,98.3,102.3,100.4,100.8,97.0,102.1,99.2
13,6.45,6.15,7.5,6.65,9.05,7.1,11.65,9.5,10.95,12.8,13.35,17.1,21.3,23.25,25.35,30.85,33.2,42.2,46.45,50.2,54.3,62.4,62.9,67.4,70.65,74.35,79.15,80.0,87.5,87.95,89.55,91.15,92.6,95.7,96.4,95.25,98.95,97.25,96.05,102.1,99.9,99.6,99.35,97.85,97.65,99.6,97.6,96.55,98.95,100.45,99.25,99.75,96.55,100.45,97.15,98.0,99.7,96.3,101.25,98.05,100.3,100.55,102.5,100.1,102.1,100.0,98.0,99.6,98.1,97.8,98.5,101.2,99.3,102.3,100.7,98.9,100.1,99.8,101.3,99.6,100.8,100.1,103.1,99.0,100.1,101.0,99.0,102.5,100.5,99.1,100.3,99.5,99.4,98.3,100.4,102.1,98.3,98.6,100.5,102.8,98.3
14,7.1,7.05,6.05,7.75,8.35,9.65,10.7,10.4,12.65,12.4,16.0,19.45,19.75,25.45,28.15,28.85,34.25,40.35,48.05,48.1,54.45,57.4,62.4,65.25,71.95,74.2,78.8,81.3,85.4,90.2,88.7,90.35,92.95,95.0,95.45,98.9,95.85,95.9,98.55,100.5,100.1,100.65,100.45,97.6,100.0,100.55,101.55,98.95,102.55,98.55,97.2,103.05,99.95,101.25,99.05,100.9,103.1,102.55,100.35,100.7,101.45,99.25,101.5,99.6,101.0,98.0,100.3,101.6,98.3,101.0,98.2,99.4,97.7,102.3,101.8,100.2,100.3,99.8,98.9,98.1,101.3,98.9,101.6,99.3,94.0,99.4,100.4,98.5,100.3,102.0,99.8,98.1,96.9,100.7,101.1,100.0,99.6,99.3,102.4,102.0,100.0
15,6.2,5.6,6.0,6.65,8.65,7.1,8.9,11.65,11.55,11.25,16.2,17.25,22.8,26.3,29.65,30.25,32.75,39.6,47.05,51.7,54.35,61.05,63.0,66.0,72.2,72.95,80.3,83.4,82.45,89.75,90.45,89.85,94.9,99.0,93.4,96.95,96.5,96.1,96.6,101.5,99.8,99.45,98.7,101.45,100.0,100.85,97.0,98.85,104.4,100.0,98.75,100.45,100.3,100.9,100.6,100.05,99.6,98.35,98.75,97.3,100.1,100.45,101.9,100.6,98.7,101.2,99.2,100.2,97.5,102.7,103.6,97.1,101.5,100.6,98.2,101.2,98.8,99.2,99.6,98.0,99.6,99.4,96.0,98.4,100.0,98.4,100.4,100.8,97.8,101.8,101.8,99.6,101.0,100.0,99.8,103.9,101.0,97.1,102.4,101.7,99.3
16,5.15,6.7,8.2,6.85,9.3,8.1,8.65,12.35,11.15,14.0,15.8,19.3,19.3,25.45,25.0,30.35,32.85,41.35,49.55,49.8,52.3,60.85,64.6,66.6,67.6,77.6,81.3,83.05,86.9,86.95,90.95,90.5,93.35,96.2,99.6,94.5,96.35,96.4,95.6,101.5,99.55,98.8,98.5,100.75,99.3,98.5,100.15,100.65,99.1,98.9,100.5,97.05,98.6,100.15,99.9,99.5,98.95,99.8,97.4,98.05,99.25,99.4,99.7,98.8,101.9,101.3,99.6,99.9,98.6,100.1,100.0,100.7,98.7,100.0,101.7,99.9,99.6,99.8,99.2,101.1,97.6,101.6,98.9,101.2,98.6,98.2,103.3,100.7,98.7,101.5,99.7,97.5,103.7,99.7,101.1,99.4,101.4,99.4,100.0,99.8,103.7
17,6.8,5.25,6.3,7.35,8.95,8.15,9.1,10.9,11.9,12.9,14.75,16.25,20.3,25.35,26.65,29.7,34.5,39.05,48.6,50.45,53.95,60.55,64.45,68.15,73.15,75.4,78.9,82.25,88.05,88.8,88.5,91.0,90.3,92.4,92.9,95.25,95.3,94.35,98.0,97.45,96.9,100.95,98.65,96.85,97.6,100.3,100.25,101.4,97.65,99.2,97.0,103.3,100.3,104.15,99.95,99.95,100.6,100.65,98.25,95.9,99.3,98.9,97.7,98.4,102.0,101.2,101.0,97.9,100.1,100.6,97.9,101.9,99.7,98.7,101.2,100.0,102.8,100.0,99.4,97.4,102.0,101.2,100.6,98.7,101.8,100.5,100.7,97.5,103.1,100.6,101.6,101.3,100.6,100.1,97.9,99.5,98.6,100.0,102.4,99.3,101.8
18,5.0,6.7,5.55,7.8,7.7,10.2,10.05,9.9,11.75,11.2,12.95,18.2,17.4,24.9,27.25,28.45,34.9,40.2,49.7,50.15,54.2,61.3,62.85,64.05,72.1,76.8,80.55,81.7,85.95,87.5,90.7,88.6,91.65,91.5,97.55,97.7,96.5,96.8,98.5,98.6,98.85,99.5,100.5,99.9,98.2,100.2,100.45,99.05,99.4,100.2,98.5,99.9,98.7,99.75,100.75,97.8,99.4,101.45,101.75,99.8,100.75,100.8,99.8,99.5,101.6,97.2,100.0,99.7,101.5,100.5,102.1,99.5,102.8,100.4,99.7,102.0,98.7,103.0,98.8,100.6,99.6,99.2,98.8,97.7,102.5,102.3,101.0,99.9,98.4,97.1,102.2,102.2,99.2,99.2,103.3,98.5,99.3,102.9,99.0,100.2,101.6
19,6.45,5.25,6.4,7.65,8.1,9.05,9.65,11.15,10.95,14.4,14.85,16.7,22.15,24.25,29.6,28.05,33.85,40.8,50.05,48.5,53.6,59.1,63.65,66.75,70.2,72.2,82.0,83.1,85.25,87.8,89.25,89.2,92.7,93.0,97.5,94.8,95.15,93.7,98.6,100.5,99.95,101.25,97.85,101.25,98.6,103.65,101.45,97.85,98.2,97.05,101.5,100.7,102.15,100.7,99.8,100.15,100.85,100.8,98.95,100.65,98.6,100.5,100.9,100.5,100.3,99.8,102.2,100.8,99.4,97.9,101.8,101.3,100.2,99.6,101.4,98.4,98.0,100.6,98.9,100.1,100.7,99.0,99.0,101.2,100.8,102.0,100.1,98.8,99.2,98.5,99.7,102.4,103.5,98.3,98.6,98.3,102.0,100.4,97.1,99.8,101.3
20,5.05,6.85,5.9,6.75,7.65,7.75,10.65,11.3,11.35,14.2,12.75,16.75,20.8,24.05,30.05,32.55,35.95,41.4,48.7,52.35,54.3,60.6,61.85,70.35,71.85,76.15,78.2,82.4,86.25,85.8,90.9,90.25,92.55,95.45,98.3,95.95,93.55,96.85,97.35,98.7,99.6,100.85,100.7,99.25,101.8,98.2,102.0,101.15,103.4,98.15,99.95,100.25,100.75,100.95,100.65,100.65,98.55,103.0,99.6,101.7,99.05,100.35,98.6,99.6,101.2,102.0,98.3,103.8,99.3,99.7,98.8,99.2,101.9,98.2,103.9,98.7,99.2,101.0,102.0,98.7,100.4,98.6,99.3,98.1,99.6,99.9,100.1,99.3,99.5,101.1,100.9,99.9,102.6,99.4,100.0,101.7,100.5,99.6,101.2,100.7,99.6
21,5.25,3.95,6.5,9.45,8.05,8.95,10.2,10.6,11.7,11.35,13.9,18.9,17.3,22.65,29.8,30.55,35.45,39.65,47.5,52.2,54.05,59.2,60.65,68.1,70.1,74.0,79.45,81.15,85.7,90.4,89.7,93.65,93.35,93.05,95.7,96.1,94.4,95.4,98.15,100.85,99.2,98.05,99.05,99.5,99.25,99.15,98.9,96.95,100.0,99.3,99.25,96.65,98.25,100.45,98.65,100.55,102.55,98.35,99.3,99.45,102.45,97.85,101.4,101.8,101.0,101.3,100.4,97.7,99.0,104.1,98.8,101.0,100.6,102.1,100.0,101.9,99.5,100.7,101.7,102.5,102.2,99.2,100.0,98.8,102.4,101.1,102.0,99.3,103.3,101.3,98.0,102.0,101.8,100.2,100.4,99.6,101.0,98.7,99.5,99.9,100.9
22,6.45,6.15,5.65,8.4,8.9,8.3,11.15,9.95,10.8,13.45,14.6,18.25,19.7,22.55,28.4,29.15,35.3,40.8,49.05,50.6,52.45,57.45,63.85,68.65,72.5,76.55,78.7,83.7,85.25,91.9,85.25,90.4,93.0,96.85,94.85,93.3,94.65,98.75,98.0,97.45,98.95,100.35,98.3,97.2,102.45,100.8,99.3,101.9,101.05,100.5,99.4,100.05,98.05,98.35,99.3,98.3,98.7,101.7,97.95,99.7,100.85,100.75,100.7,100.4,98.0,100.1,99.3,102.6,97.6,99.8,99.3,100.6,101.3,101.0,96.8,102.1,98.3,101.9,101.8,98.2,101.0,99.2,99.2,100.5,98.2,100.5,102.3,99.7,101.6,99.5,99.6,100.1,99.5,101.0,102.4,99.8,101.0,99.1,99.4,101.2,101.6
23,5.6,5.75,5.8,6.15,8.1,8.55,10.65,12.25,9.3,12.8,14.85,17.7,17.95,23.4,28.1,30.5,34.95,38.7,48.35,49.75,53.35,59.35,62.65,66.05,71.05,76.25,78.15,83.3,86.8,85.2,88.75,89.75,92.45,90.65,93.7,94.3,94.1,96.05,98.55,100.85,95.65,99.55,98.9,100.65,102.45,99.15,97.9,102.4,100.85,102.75,97.7,100.85,99.75,101.15,98.85,100.95,96.75,97.95,102.5,96.7,103.45,99.25,101.0,100.6,99.8,102.6,99.8,99.5,100.5,99.5,100.0,99.2,99.1,102.5,101.1,100.2,98.6,96.9,99.9,97.2,102.5,100.7,100.4,102.8,100.2,102.0,98.3,103.4,99.6,98.7,99.5,98.6,99.6,102.6,101.3,101.0,99.8,101.9,96.0,101.2,97.4
24,4.65,6.55,7.05,6.25,8.95,8.95,10.4,11.7,12.2,11.8,13.15,17.05,19.4,23.95,28.95,33.2,33.15,40.15,48.5,50.0,51.5,61.95,62.25,65.9,69.85,78.4,80.6,84.4,85.45,88.55,90.45,91.95,94.95,94.05,92.3,97.5,97.7,96.1,97.45,97.8,98.1,98.75,96.7,98.9,100.0,100.15,97.3,99.55,101.0,101.25,97.8,100.55,99.15,100.35,99.9,103.6,101.45,99.05,99.1,98.8,99.7,101.85,101.5,100.4,101.8,101.6,102.8,96.8,98.7,100.1,100.5,98.9,100.7,99.8,97.2,98.5,98.7,98.4,97.9,98.6,101.6,98.6,99.4,98.6,99.1,101.8,97.8,99.9,100.0,97.6,101.5,99.9,100.5,101.5,98.7,97.7,97.2,101.1,101.9,99.4,100.3
25,4.5,6.65,5.6,7.7,8.45,9.4,10.9,9.15,11.4,10.9,14.65,16.8,18.9,26.1,27.7,29.5,33.25,41.7,48.55,50.15,54.6,58.45,60.5,68.25,75.45,73.05,82.55,81.8,85.55,85.95,88.9,94.05,93.95,94.75,96.7,97.45,94.25,95.35,97.9,99.75,97.95,101.25,96.95,99.25,102.4,98.15,99.05,99.25,97.95,99.8,98.1,100.3,100.2,103.15,100.8,100.45,99.65,98.05,99.2,99.65,99.75,102.2,101.3,98.5,102.5,102.4,102.1,99.2,98.3,100.3,101.1,98.0,98.5,100.7,95.5,103.3,97.7,100.3,99.5,101.0,100.4,99.0,101.6,100.3,101.4,100.9,97.3,101.1,100.4,97.8,101.1,99.8,100.9,99.2,101.8,99.7,101.9,102.2,98.2,100.3,100.5
26,5.6,5.15,6.7,5.95,7.75,7.15,8.7,10.35,10.4,13.25,15.65,19.85,18.3,24.75,29.5,32.1,36.25,42.1,49.05,52.0,51.05,61.8,64.5,66.45,72.4,73.45,79.3,83.55,85.8,88.2,88.9,90.9,91.95,94.15,93.35,94.4,95.4,96.9,98.6,98.2,98.7,99.2,97.4,99.25,100.7,102.9,98.9,99.8,98.9,99.25,97.5,99.5,100.25,98.95,100.7,101.05,96.85,101.05,98.4,100.5,98.4,102.55,100.3,100.9,99.5,98.6,98.3,101.1,101.3,101.1,100.0,98.5,100.0,100.3,101.5,101.3,99.8,98.9,101.4,100.1,99.1,99.1,100.6,101.3,103.8,97.0,102.0,100.2,102.9,100.3,98.8,97.8,97.6,101.4,97.0,99.6,99.2,99.6,102.1,103.8,98.8
27,5.45,5.25,5.55,6.45,10.15,11.3,8.15,9.85,10.0,12.65,14.95,16.9,19.15,24.2,28.3,30.7,35.0,41.3,49.85,51.1,55.75,57.3,61.5,67.05,70.9,74.3,82.1,83.4,87.0,87.25,88.45,92.35,94.2,92.75,96.45,96.2,98.35,96.6,97.05,101.6,96.55,98.35,98.4,101.0,98.3,98.05,100.2,98.15,100.5,99.75,102.75,102.75,101.15,100.85,100.9,100.4,99.95,97.35,100.2,99.7,98.05,101.85,98.5,99.0,100.6,99.3,100.5,97.3,100.2,100.2,100.2,100.4,102.8,101.0,99.1,99.6,101.2,101.1,100.6,100.3,99.5,99.9,99.4,99.3,100.7,101.2,102.7,102.1,100.7,98.6,102.9,99.6,99.7,98.4,99.3,99.7,99.6,98.9,98.3,98.9,99.7
28,5.1,5.05,4.35,7.35,9.2,7.9,9.0,9.4,11.75,11.0,13.0,16.3,18.8,25.25,27.0,30.75,36.25,41.75,48.9,51.95,53.7,62.95,61.95,65.9,72.8,75.8,75.8,85.75,87.5,89.3,92.5,91.35,94.15,95.7,98.0,98.25,93.45,96.9,99.55,98.5,96.0,100.05,95.25,99.9,99.85,101.5,101.8,99.35,101.4,103.1,99.05,100.1,100.35,100.25,99.95,98.15,99.0,100.4,99.15,99.75,96.05,98.35,101.0,101.2,101.4,100.1,101.7,100.1,100.8,101.5,99.5,99.7,98.4,100.5,101.2,96.4,98.2,95.5,99.5,102.8,101.4,101.1,99.7,99.8,101.1,98.8,100.8,101.9,102.8,97.2,100.5,98.8,100.1,100.6,98.4,98.2,98.8,101.6,101.5,103.6,99.4
29,5.8,6.85,6.25,8.1,9.6,9.65,9.0,11.75,13.35,12.55,13.45,16.85,22.25,24.25,27.7,31.8,34.4,41.4,48.15,51.65,53.25,60.9,60.25,65.6,72.0,74.55,79.55,82.2,85.75,87.15,87.45,92.8,90.85,95.35,95.65,99.75,97.8,98.3,96.05,99.8,97.0,98.3,98.7,98.1,99.9,98.9,98.95,102.05,98.6,98.7,102.6,99.7,101.35,100.25,98.75,97.3,101.7,99.35,99.75,102.45,100.15,100.35,99.0,99.3,101.2,104.6,100.1,101.9,100.6,99.2,101.4,103.0,99.0,98.9,96.9,99.2,99.3,96.3,100.3,98.5,99.8,101.3,103.5,101.9,96.7,97.8,98.8,98.8,100.9,102.5,101.3,99.3,100.0,99.9,97.8,100.8,99.0,96.6,100.7,100.7,100.0
30,7.35,5.35,7.4,8.1,8.8,7.75,9.95,11.3,11.25,10.95,13.35,15.8,17.0,25.55,30.2,30.4,32.55,41.0,48.6,49.45,53.25,57.35,63.75,67.25,74.35,74.45,77.95,82.25,84.65,86.25,87.65,90.05,93.8,95.05,95.8,94.6,93.6,96.9,97.3,102.1,98.75,99.0,100.6,100.75,99.5,101.25,99.8,99.35,102.6,99.85,97.1,99.1,98.85,99.8,98.8,99.75,101.15,98.9,101.55,101.5,98.85,98.1,99.4,100.2,100.8,99.1,100.5,101.9,98.8,100.5,97.7,97.2,102.3,99.3,98.5,100.9,97.8,99.5,101.0,98.8,97.7,102.1,100.3,99.1,99.7,101.3,97.9,101.2,99.8,97.1,97.0,101.0,99.6,103.5,97.9,97.5,98.8,100.3,99.4,97.8,99.2
31,7.25,7.05,6.55,7.3,10.0,10.85,11.5,12.95,9.45,11.0,15.0,18.1,20.35,27.15,29.4,31.15,31.15,41.25,46.85,51.8,52.85,59.3,62.65,67.55,70.8,76.5,79.4,82.25,88.45,88.35,89.1,91.3,89.95,96.0,97.3,95.3,96.85,97.55,97.05,98.2,97.65,98.9,96.8,98.55,100.8,99.15,99.2,100.8,103.3,101.35,100.0,100.6,98.35,98.9,100.25,100.0,100.15,100.35,98.95,100.55,100.5,100.45,100.3,99.5,98.6,101.6,101.6,100.1,99.9,101.7,97.3,99.0,101.5,102.0,101.2,98.1,99.3,100.6,100.0,100.6,97.0,98.2,100.5,100.6,101.0,99.9,101.3,100.7,101.1,102.5,101.1,98.8,101.2,97.2,98.6,97.9,100.2,98.6,100.9,100.8,99.1
32,4.8,6.2,6.95,7.8,8.35,8.55,11.15,11.75,12.8,12.6,17.5,16.85,19.85,25.6,27.85,31.25,34.4,40.7,46.25,50.05,52.5,57.55,63.2,66.05,72.15,76.2,83.05,83.55,86.85,88.05,87.5,89.2,92.1,95.45,93.55,95.2,98.2,96.35,95.9,98.0,100.25,97.85,99.2,99.0,97.7,100.45,100.2,99.9,100.95,99.65,99.55,102.35,100.2,99.5,97.5,98.5,103.2,101.35,102.85,100.65,102.65,99.3,100.1,101.3,100.5,100.5,102.0,101.2,99.0,98.7,99.8,100.8,100.2,101.3,99.1,98.4,101.3,101.9,101.4,101.3,100.3,97.8,101.9,99.3,97.6,99.2,100.3,100.7,102.6,100.5,98.4,99.7,98.6,99.6,102.3,101.2,100.0,99.0,100.4,99.8,100.0
33,5.25,4.7,8.9,7.85,6.6,8.8,8.7,12.5,9.0,11.45,16.5,16.35,21.0,24.65,30.25,29.5,35.7,41.5,46.0,51.1,52.35,61.1,63.15,68.85,73.8,75.15,80.05,83.65,82.95,86.05,91.3,92.85,91.35,93.95,96.0,98.0,93.95,97.8,99.5,99.35,98.75,100.1,99.2,97.2,99.25,99.5,98.6,99.65,100.7,101.9,96.6,101.8,102.4,103.3,99.55,98.5,102.2,100.35,97.4,99.5,101.55,98.75,99.8,102.0,100.6,99.9,99.9,97.7,99.0,98.7,98.8,100.2,100.7,97.8,100.5,100.9,100.1,101.2,101.3,99.4,96.5,101.8,100.9,101.1,100.3,99.8,101.4,99.8,99.0,99.0,99.5,100.3,98.6,102.0,98.7,101.9,97.7,101.7,99.9,100.8,96.4
34,7.45,6.05,4.65,6.95,9.45,8.7,9.05,13.9,9.9,11.05,14.7,18.1,19.15,23.9,26.45,31.2,34.5,41.2,47.0,51.15,52.0,62.45,62.55,65.2,70.6,74.6,78.15,83.95,80.35,88.5,89.6,88.85,93.9,92.65,95.1,99.85,96.15,98.15,100.45,98.8,96.9,96.75,100.95,97.75,100.25,99.6,99.75,98.55,99.25,97.4,97.75,99.25,99.8,98.95,98.65,102.0,95.95,97.8,101.45,101.45,102.85,101.3,97.6,100.1,101.1,99.5,100.4,104.0,98.2,101.3,98.8,98.7,99.6,99.3,99.7,101.8,99.1,97.9,96.5,99.1,97.5,100.3,98.7,99.0,100.4,100.8,99.8,100.4,100.9,100.4,103.0,102.0,101.3,99.5,100.5,99.4,100.4,100.6,98.2,100.4,97.4
35,5.7,6.25,5.65,6.0,8.7,9.8,9.45,9.7,9.5,12.15,14.9,16.3,20.0,26.1,27.55,33.6,33.7,41.25,48.35,52.2,54.95,62.1,63.9,64.9,73.25,77.1,81.15,82.95,84.5,86.35,90.0,92.05,93.5,96.05,96.9,94.05,96.55,97.2,98.7,99.85,96.0,99.15,99.6,101.0,98.5,101.8,100.15,98.2,100.05,99.7,101.75,98.6,97.25,102.7,101.25,101.25,97.9,97.25,98.6,99.95,103.85,99.3,100.4,99.5,100.6,101.5,103.1,100.6,102.9,103.0,96.2,98.7,96.6,103.5,100.5,99.2,100.6,96.9,101.4,100.4,100.8,98.7,99.5,98.2,99.5,100.9,98.9,99.0,97.4,99.5,98.9,103.1,99.1,98.7,98.9,100.6,98.9,101.5,99.5,100.3,97.6
36,5.45,4.95,6.65,7.7,8.2,7.7,9.85,10.35,10.65,11.55,15.4,19.5,18.65,24.55,30.3,27.6,33.75,42.0,46.7,49.65,54.0,61.55,61.65,68.85,75.15,75.9,77.2,82.25,83.9,87.0,87.0,94.05,91.5,95.5,97.2,97.65,96.0,97.55,99.2,100.05,98.55,98.9,98.25,99.3,101.3,99.05,96.65,98.65,101.1,97.5,100.55,96.7,100.9,101.7,98.1,100.8,99.95,99.05,100.4,99.25,98.9,99.75,100.0,99.5,100.6,104.0,103.3,100.9,98.1,101.4,99.0,101.4,101.1,101.3,101.3,100.4,99.9,98.7,102.7,103.1,101.5,101.0,100.4,99.9,99.5,100.6,96.3,98.9,99.9,100.1,102.5,98.5,101.5,100.6,99.1,98.4,98.4,101.2,101.9,99.8,101.9
37,6.55,5.95,6.7,7.0,9.15,8.45,11.1,11.4,9.95,12.35,15.0,16.25,19.4,26.05,29.65,31.0,37.3,39.25,46.3,48.6,54.0,61.5,61.65,67.45,69.45,76.8,79.3,84.25,86.2,88.05,91.3,90.45,93.7,95.35,96.8,95.75,96.8,98.45,97.5,98.45,99.55,98.0,98.55,97.6,97.55,99.55,103.0,101.45,102.4,98.6,97.05,100.4,100.45,99.2,100.45,101.6,101.8,100.15,101.75,101.5,100.75,100.2,101.1,102.7,99.8,97.8,100.4,100.6,102.8,99.1,101.3,100.0,98.1,100.5,100.4,100.8,102.3,96.8,102.0,104.3,100.2,99.4,103.0,101.4,100.4,98.3,100.5,98.5,99.3,102.5,99.9,99.3,100.6,98.5,100.4,99.6,100.2,98.7,101.9,103.0,100.0
38,6.4,6.6,6.05,8.05,9.75,10.0,9.6,12.1,10.8,11.7,15.7,19.1,20.75,25.0,28.5,28.9,33.85,41.4,46.95,53.5,52.95,58.25,60.75,67.25,73.6,75.35,79.05,82.95,84.15,87.85,87.9,92.8,91.85,94.55,97.25,96.8,94.5,98.9,98.3,97.95,98.3,97.7,97.65,97.95,101.3,97.4,96.9,100.75,102.8,100.65,99.3,98.45,102.3,96.85,98.65,100.25,99.35,100.85,100.85,100.15,98.45,99.25,98.1,97.7,100.8,94.2,103.0,99.7,101.6,100.5,97.8,103.3,100.9,98.9,97.5,98.3,101.3,97.7,97.7,99.6,100.6,101.7,101.4,103.2,101.7,99.9,101.8,100.6,98.3,99.9,98.4,100.5,99.6,101.5,100.0,97.1,100.0,99.2,98.4,100.3,100.2
39,5.1,5.8,7.25,7.35,9.75,8.25,9.75,8.2,12.95,11.45,13.6,18.45,21.45,26.55,27.3,28.15,33.55,41.1,47.7,51.95,55.2,59.9,63.3,66.9,69.9,75.65,80.35,82.2,85.15,89.5,92.35,95.4,93.95,95.3,96.25,96.5,96.25,100.05,95.95,98.8,99.8,96.95,98.9,100.45,96.2,99.95,98.3,95.65,102.9,98.4,100.05,99.8,101.0,99.15,98.85,97.65,100.9,99.75,98.65,98.8,100.1,99.35,98.9,100.3,100.5,100.6,100.1,101.1,100.4,100.5,99.5,101.5,99.7,99.1,100.7,101.7,97.8,99.1,101.2,101.5,100.9,100.8,102.5,99.7,101.6,100.5,99.6,99.2,98.4,100.6,99.8,101.4,97.4,99.1,100.2,100.2,100.2,98.8,101.9,99.7,100.2
40,6.65,5.4,7.1,7.05,10.1,8.25,10.05,12.65,9.1,11.1,14.95,18.9,20.3,26.25,25.45,27.8,34.55,41.5,45.1,51.75,52.8,58.1,66.45,66.3,73.75,75.4,80.65,85.15,85.95,86.15,89.6,90.1,91.95,95.5,92.85,97.9,97.35,95.8,96.45,98.8,99.05,98.15,97.3,96.2,101.25,101.8,101.15,98.4,100.8,99.3,99.05,99.4,99.95,100.9,100.4,101.05,100.8,100.7,101.35,98.95,98.25,100.5,100.2,101.5,100.1,100.0,101.5,98.3,101.3,97.3,101.7,101.9,99.3,102.0,100.2,99.9,98.2,101.2,99.2,98.1,98.9,101.8,99.9,100.6,100.9,97.0,97.8,101.7,101.1,99.2,102.3,100.1,98.5,100.3,99.8,101.7,96.7,98.3,101.8,97.1,98.8
41,5.0,6.5,7.25,7.15,9.65,8.9,11.75,10.3,12.0,9.05,16.5,18.8,19.35,22.6,28.95,27.4,33.05,40.4,47.9,51.85,50.65,61.15,66.2,66.55,71.95,78.45,78.45,85.2,85.8,86.7,89.2,89.05,93.6,93.95,94.2,96.8,97.55,96.15,98.55,99.05,98.6,98.75,98.15,98.7,99.05,101.0,98.65,99.75,100.7,99.35,100.65,100.05,100.75,102.45,100.45,95.95,97.25,97.4,100.9,98.9,98.1,99.6,100.5,100.7,95.7,102.2,100.7,99.0,98.3,99.4,97.7,98.4,100.9,100.4,98.4,103.8,103.2,99.5,103.1,98.1,97.0,100.8,99.6,100.3,99.7,98.6,97.5,100.4,101.5,97.8,100.3,99.7,100.9,102.9,99.7,98.1,97.5,97.5,99.6,100.0,98.6
42,7.45,6.75,7.6,7.05,8.25,9.05,11.05,11.45,10.55,12.25,17.25,18.75,21.15,27.0,28.3,29.55,33.2,39.9,46.65,48.65,52.65,59.65,62.55,64.85,71.5,76.85,76.75,82.8,87.55,87.7,89.05,93.85,94.5,95.5,96.3,97.55,96.65,96.1,99.35,98.5,98.85,99.3,99.8,100.75,98.4,100.85,101.15,98.0,101.4,99.5,101.35,101.3,101.9,100.55,102.6,96.5,100.05,101.65,100.15,99.25,98.65,99.55,100.8,101.8,97.9,102.7,100.3,99.4,102.6,101.1,99.2,101.0,99.3,100.8,100.1,97.5,100.2,98.7,102.5,99.4,101.8,102.2,97.4,98.4,99.2,99.8,99.2,102.3,100.0,101.4,101.6,99.9,100.5,100.1,96.8,98.0,100.0,100.3,98.1,97.9,99.4
43,6.45,5.95,6.2,7.35,9.65,8.15,9.7,11.85,12.95,13.35,13.9,16.45,20.3,24.0,29.95,26.25,36.7,43.95,48.0,49.9,56.55,60.55,62.15,64.2,73.1,75.2,80.2,83.1,86.8,84.65,89.0,93.65,97.3,94.35,93.3,95.15,98.75,96.55,99.35,99.1,100.05,102.4,98.9,101.0,99.55,97.1,96.9,98.7,101.25,97.25,99.55,98.25,98.6,98.2,100.75,100.35,102.85,99.2,99.3,101.65,98.7,100.3,101.4,100.5,99.1,101.8,101.8,100.4,99.1,98.9,98.6,102.3,98.6,100.9,101.2,99.1,101.0,99.5,98.7,99.1,96.8,98.4,99.0,99.4,100.6,102.3,103.5,98.7,99.5,98.6,101.7,100.4,96.5,100.4,98.3,97.2,102.2,99.4,99.7,100.5,98.1
44,6.7,4.95,7.85,8.6,8.25,8.6,7.6,11.55,10.75,11.95,13.2,18.85,18.35,24.2,29.6,33.7,34.0,37.95,47.6,49.8,54.9,58.25,64.05,69.1,70.2,75.45,81.0,83.45,84.8,89.35,90.35,88.7,93.6,93.65,96.95,96.05,96.2,95.55,100.0,97.65,98.75,98.15,100.75,98.85,99.65,100.1,99.15,101.05,100.45,100.35,101.2,102.3,99.45,100.3,97.75,96.75,101.9,101.8,99.45,101.75,101.15,99.45,98.4,102.2,101.4,100.8,100.7,101.3,100.3,100.9,100.5,100.4,100.8,100.4,100.0,102.0,100.4,97.7,100.1,97.0,99.4,97.2,99.8,102.3,100.7,100.9,102.5,98.2,100.8,99.6,100.4,96.9,97.6,99.5,100.9,99.8,97.2,101.8,100.2,98.1,97.5
45,6.05,4.9,7.4,7.65,9.15,7.7,12.55,11.95,10.85,11.35,14.35,17.55,20.6,22.1,26.2,32.9,35.65,37.2,49.6,47.2,53.25,61.1,62.9,66.8,72.8,75.85,78.5,83.3,87.2,86.5,88.55,91.75,93.65,97.0,95.4,95.85,93.7,98.85,96.4,97.5,101.2,100.05,98.45,96.2,101.1,99.05,101.6,100.7,99.7,98.85,100.6,100.5,100.4,100.2,99.8,97.45,98.7,99.35,100.65,100.65,99.55,103.0,102.9,99.8,98.1,99.8,100.0,98.5,100.5,101.3,97.0,101.0,98.7,100.7,99.7,102.4,98.5,97.6,101.6,102.6,99.9,101.6,97.5,101.4,100.2,100.0,102.1,97.9,100.4,100.7,100.9,96.8,101.0,103.6,97.8,102.5,99.5,99.1,100.8,99.1,100.5
46,6.5,6.95,6.35,7.85,8.05,8.2,11.6,12.0,12.1,13.05,16.2,17.85,17.95,26.0,28.55,30.7,32.95,40.1,46.55,51.85,55.0,60.1,62.85,65.2,69.75,77.35,80.25,83.85,84.55,88.85,90.45,92.2,95.2,97.2,97.8,96.2,96.45,98.95,100.5,101.6,99.55,100.75,99.1,102.4,97.9,101.4,99.4,98.0,102.95,98.95,97.75,97.25,101.75,100.4,99.35,100.6,99.2,100.85,101.45,99.9,97.45,100.25,101.2,99.4,104.5,101.1,100.3,99.9,100.6,106.2,99.5,101.6,100.0,100.4,99.1,97.1,96.5,99.5,99.1,103.4,98.8,97.3,101.6,103.2,99.0,98.7,101.0,99.5,100.0,100.6,100.7,100.1,98.3,100.3,102.8,99.3,99.3,99.0,100.6,100.6,102.2
47,6.25,7.15,5.75,6.9,6.45,8.9,9.65,11.7,11.6,15.65,14.95,18.25,18.4,22.35,28.3,31.75,33.15,37.7,45.65,49.25,51.45,56.95,62.4,65.95,72.6,73.55,78.7,83.2,83.55,86.05,89.05,94.35,92.4,94.25,98.55,97.5,95.9,96.0,97.8,96.9,98.2,101.8,99.05,98.6,96.85,100.4,98.9,100.6,98.7,99.7,100.95,97.55,97.55,100.8,98.75,100.25,97.6,99.45,100.25,99.05,100.0,102.05,99.9,99.9,101.3,98.5,101.8,100.3,101.8,100.3,100.3,101.7,101.1,99.9,104.0,97.6,100.0,99.8,97.8,102.0,100.1,101.0,100.6,100.5,99.7,100.6,98.8,102.0,100.4,99.5,100.3,100.2,100.0,98.4,98.9,96.0,99.8,99.5,100.8,99.6,98.7
48,7.05,6.45,4.8,7.95,9.7,9.1,10.1,11.2,10.4,11.2,15.35,16.05,20.4,22.75,28.5,31.95,32.75,40.65,47.1,50.15,53.55,59.75,61.7,68.35,71.8,76.65,76.85,82.7,87.1,88.7,88.15,90.1,93.6,94.2,96.55,97.95,100.25,98.2,97.1,97.45,98.65,100.7,97.95,99.3,96.0,98.7,96.2,99.3,101.9,98.6,99.75,99.35,98.6,96.4,99.1,101.05,100.25,98.25,99.55,102.35,100.75,99.0,101.4,101.1,100.9,100.0,102.8,99.1,98.3,95.8,101.4,100.1,104.6,99.8,101.0,95.9,99.2,103.2,99.5,97.9,103.1,99.2,98.8,98.3,100.7,100.7,98.3,98.3,99.4,97.5,98.7,100.0,101.3,98.4,101.0,102.0,101.6,97.5,100.6,99.6,101.8
49,8.55,6.8,6.95,7.55,9.75,7.4,10.9,11.4,11.55,12.45,13.05,19.6,20.9,26.15,26.8,32.2,34.8,40.45,47.65,49.95,53.7,60.3,61.7,67.3,70.6,76.95,78.9,79.95,85.8,88.8,92.85,91.55,91.35,96.25,93.45,95.35,95.95,98.85,97.55,100.75,99.75,99.05,100.7,99.85,100.6,100.55,100.8,101.35,100.5,97.4,98.6,101.8,100.6,98.8,100.95,101.4,99.9,102.3,99.05,101.25,101.7,99.5,101.7,96.9,99.6,99.1,99.5,101.2,100.8,97.1,98.8,96.6,101.3,100.9,99.7,100.3,101.1,99.9,100.4,98.7,100.0,100.7,101.7,101.1,101.6,99.5,99.6,100.1,99.9,100.8,97.6,101.1,101.3,98.9,98.6,99.6,103.1,101.2,99.0,98.5,99.0
50,6.2,5.15,7.45,6.25,9.95,7.15,8.7,12.05,11.65,12.7,14.2,18.4,21.95,21.9,27.1,29.55,35.35,40.5,47.75,50.4,52.6,59.35,62.95,67.4,70.2,74.65,78.35,83.25,82.9,87.3,88.6,90.15,93.6,94.35,95.8,98.15,96.0,98.1,97.95,101.25,97.4,97.35,98.4,98.4,97.9,99.2,97.45,98.0,101.55,98.5,100.65,99.85,98.4,100.3,101.85,99.0,99.15,102.0,99.4,103.1,100.65,97.85,97.6,102.1,97.6,100.9,100.8,101.2,96.4,102.8,101.7,98.3,102.8,100.2,101.0,98.5,102.4,99.6,98.7,101.6,99.0,99.9,98.3,102.4,100.7,99.8,97.8,98.7,98.0,102.1,99.5,96.2,96.9,100.4,101.8,97.6,101.1,97.3,98.5,99.9,98.7
51,6.9,5.1,6.95,5.6,8.7,8.1,11.35,9.35,9.35,10.0,14.3,18.95,20.7,26.75,27.95,28.25,34.85,40.65,48.55,51.95,51.45,62.15,63.45,68.75,72.55,74.95,79.85,83.05,85.15,88.45,90.95,91.65,95.3,94.3,96.8,98.0,97.0,96.95,99.7,102.15,100.85,98.8,99.9,99.2,101.7,98.25,97.1,95.95,102.7,100.9,100.0,99.75,101.2,100.05,100.45,100.2,99.95,101.85,101.0,98.8,96.55,98.4,99.2,97.8,98.9,99.8,99.1,98.6,99.6,99.0,99.7,101.1,98.9,101.8,102.3,101.1,99.1,100.4,104.1,99.9,99.1,101.6,98.1,100.5,99.6,101.0,98.4,100.6,99.3,100.6,101.6,102.5,99.5,99.3,98.7,100.3,99.3,95.5,99.2,100.5,97.8
52,6.1,5.4,6.6,8.15,9.1,10.85,10.75,11.25,11.0,12.5,12.55,16.3,19.05,26.85,27.4,30.9,33.55,37.4,50.25,50.8,56.25,60.35,61.75,65.8,72.05,73.7,77.45,83.1,88.75,87.95,90.55,92.35,94.45,96.05,96.7,93.85,96.0,97.35,95.2,98.75,97.25,100.45,99.4,98.8,97.6,101.35,100.8,100.15,97.15,99.55,100.0,99.1,99.85,98.8,100.6,99.0,98.15,100.25,100.2,99.4,102.6,98.55,98.0,100.5,102.0,98.8,100.9,101.4,95.5,97.5,102.3,98.4,100.1,100.8,101.7,97.3,99.8,102.1,101.2,100.6,102.7,100.5,98.4,99.4,99.1,98.1,101.2,99.4,101.8,101.3,99.6,100.3,97.2,101.0,100.7,101.0,100.2,102.1,105.6,99.8,99.9
53,6.0,5.45,6.3,8.75,8.6,9.6,10.75,8.6,11.7,12.4,16.7,18.55,18.85,23.2,29.95,31.55,34.55,37.2,49.25,52.15,55.6,60.2,64.2,66.45,71.3,76.15,77.85,85.5,86.8,86.7,87.55,88.0,92.7,96.7,95.85,93.45,95.15,98.65,99.2,98.9,95.95,97.25,101.75,99.0,100.45,98.65,100.7,99.15,101.1,99.65,102.05,99.05,98.65,101.25,99.55,101.85,99.6,101.1,98.4,101.0,99.65,103.8,99.8,98.1,99.9,101.5,99.4,101.8,102.2,101.5,100.4,100.0,103.9,102.9,101.3,98.5,102.1,100.9,100.0,100.5,101.3,101.6,102.7,101.0,99.5,100.5,100.4,99.8,98.5,101.5,101.3,101.1,100.2,99.1,101.9,102.9,102.4,105.3,98.8,99.8,101.7
54,6.55,6.15,6.4,7.15,9.65,7.7,9.05,9.8,8.5,12.55,14.3,17.65,19.35,24.45,29.05,28.65,31.95,39.8,46.3,47.5,54.7,58.95,61.75,65.95,72.6,75.2,77.85,83.35,86.15,89.55,86.55,91.9,93.55,92.5,94.7,98.35,95.05,98.45,97.9,98.9,100.3,98.9,97.15,98.8,98.85,98.6,100.15,100.2,101.1,99.8,99.55,96.4,101.15,101.75,102.1,100.5,98.5,99.45,97.9,102.05,98.5,98.2,101.7,103.1,100.2,98.7,100.7,99.0,100.6,102.1,102.9,99.0,101.6,101.4,99.9,101.7,99.5,99.2,101.1,101.1,100.7,97.7,100.0,100.8,101.8,98.5,98.7,99.5,99.2,98.2,99.9,97.6,99.9,100.7,100.1,99.7,102.4,102.5,98.8,100.3,100.7
55,5.75,6.7,7.95,8.4,8.05,8.15,8.95,11.55,10.85,10.8,15.05,17.1,19.3,25.3,29.45,33.25,36.05,37.35,49.3,49.7,55.35,62.8,63.15,66.15,73.15,78.4,78.55,80.85,84.5,86.6,92.5,93.85,92.0,95.9,97.0,95.8,97.0,97.3,100.3,97.95,96.85,98.9,100.05,99.7,98.8,95.3,98.2,99.4,100.85,97.75,100.65,97.95,100.0,99.8,100.05,100.0,98.8,100.8,98.45,98.65,101.1,100.35,99.2,98.5,100.2,100.7,99.1,100.6,100.2,100.4,99.2,98.7,101.8,99.8,100.3,99.4,101.0,100.4,98.3,98.1,101.9,98.9,100.4,99.1,101.4,97.1,98.1,98.3,97.6,100.0,98.2,99.7,100.1,100.9,98.3,98.9,100.7,97.2,102.2,100.4,101.2
56,5.35,6.95,5.8,7.55,8.15,8.35,10.1,10.8,12.95,12.65,16.95,15.65,18.65,24.35,28.4,29.0,34.45,40.4,47.55,51.8,53.75,59.5,59.6,67.25,74.15,80.1,81.1,83.8,86.85,90.45,87.4,89.9,91.2,94.65,96.5,95.95,99.1,99.75,95.55,99.9,98.25,96.9,97.7,100.6,99.35,100.9,100.15,102.2,99.8,100.05,100.55,100.6,101.8,103.2,98.75,99.6,98.6,101.9,99.75,100.05,99.45,100.1,100.8,102.1,99.4,98.6,98.9,99.5,100.5,98.7,102.3,101.1,99.2,102.6,102.0,97.5,103.3,99.8,102.3,97.5,99.5,102.2,99.8,101.6,99.7,99.8,98.8,98.6,100.1,102.1,99.7,100.4,99.3,101.9,102.8,99.5,102.0,103.2,99.7,101.8,101.4
57,4.75,5.35,7.7,7.5,7.85,10.1,11.1,9.05,9.05,12.7,16.0,17.3,22.9,25.75,31.25,31.65,34.15,39.35,46.6,51.1,54.8,58.35,62.65,62.7,69.1,76.65,81.55,80.2,85.7,88.2,88.8,88.65,91.0,96.25,96.05,98.05,94.3,97.4,98.4,100.15,99.45,98.9,100.55,97.85,98.65,97.3,101.45,100.1,99.2,100.55,100.4,98.4,100.0,102.9,99.2,99.25,100.7,98.75,98.75,97.2,98.0,99.85,101.3,98.4,99.7,101.0,101.9,101.1,102.5,102.6,99.5,99.3,98.6,99.4,98.9,100.0,101.7,99.7,101.2,99.7,99.6,100.2,99.0,101.1,96.8,99.8,96.3,99.5,100.9,101.3,101.0,99.6,100.9,100.6,98.9,96.7,99.6,99.1,99.7,101.9,100.8
58,6.95,5.85,6.8,6.95,7.7,7.7,10.25,9.75,11.2,12.8,15.35,17.5,20.9,25.85,31.3,32.15,31.4,39.2,47.0,49.75,55.3,57.15,63.6,65.9,72.6,76.35,79.75,81.25,91.55,90.1,88.6,89.7,91.45,94.35,97.5,97.9,98.45,96.95,98.1,99.75,96.1,99.4,100.85,99.9,98.1,97.05,99.6,100.15,100.6,104.0,98.35,97.85,100.7,99.25,100.15,100.05,101.95,101.55,97.9,102.55,98.95,100.25,100.4,99.2,99.8,100.9,99.7,97.7,100.8,101.9,98.1,100.0,101.2,99.1,101.9,101.1,101.1,99.0,97.8,99.6,100.7,97.5,100.7,97.0,98.6,100.7,100.0,101.6,100.2,99.8,100.9,101.5,101.5,100.1,97.9,100.5,99.4,101.6,98.5,100.5,99.7
59,5.3,7.75,6.95,6.25,7.2,9.7,10.85,12.2,11.5,12.3,13.35,15.95,19.45,22.5,26.35,29.55,33.9,42.05,48.1,50.3,52.3,60.0,62.4,67.65,72.25,76.95,78.0,81.9,82.15,88.1,89.85,90.5,92.95,95.45,93.3,93.65,97.45,99.7,98.9,99.05,98.5,98.55,99.65,99.7,101.1,101.9,98.95,101.0,100.55,100.95,99.65,98.9,97.95,96.35,99.5,97.95,98.25,100.1,100.9,99.2,97.85,102.3,98.7,103.3,100.9,104.0,99.2,98.3,101.1,99.5,101.4,102.3,97.9,102.3,98.8,98.0,100.2,100.0,100.0,101.3,103.1,97.9,100.9,101.3,99.3,98.7,102.2,98.6,99.3,97.8,98.7,99.1,97.7,99.0,101.3,99.1,98.3,100.8,102.0,100.4,98.5
60,4.85,5.05,7.25,7.05,7.15,9.85,10.65,10.45,10.4,13.8,14.45,16.95,17.95,25.35,28.05,30.25,34.75,40.95,47.5,49.45,55.95,58.25,61.85,67.55,70.95,73.05,78.55,83.15,86.65,88.0,90.3,90.95,93.2,94.5,96.1,95.55,95.9,98.65,98.7,99.65,98.75,98.85,98.15,101.25,100.55,99.95,99.95,98.8,98.85,97.4,97.4,98.7,98.2,99.25,100.55,98.15,100.35,98.65,97.6,102.25,99.55,97.9,100.9,100.5,99.9,101.3,99.5,96.8,101.7,100.4,99.7,100.9,101.1,102.0,99.2,99.6,100.0,98.6,97.0,100.5,102.2,100.9,98.9,98.8,99.3,97.5,102.6,101.9,101.1,101.6,98.8,102.2,102.0,99.2,101.4,98.3,102.4,100.6,98.9,102.2,99.5
61,6.7,6.5,5.6,6.85,8.9,8.9,10.6,11.25,11.45,13.05,14.2,17.65,19.2,25.0,29.6,28.5,35.75,38.6,46.95,50.65,53.2,62.65,63.9,66.25,73.65,75.6,82.9,83.25,86.45,86.55,89.5,93.0,92.75,94.35,95.4,97.8,94.3,93.65,98.45,97.65,97.15,97.55,98.65,99.1,97.5,98.6,99.3,99.0,99.3,100.25,99.75,101.0,99.05,100.35,97.85,102.0,101.6,95.45,101.25,100.75,99.7,98.5,99.7,101.4,101.9,97.8,100.7,100.5,101.6,100.0,99.2,98.0,101.2,99.4,102.7,100.0,100.9,98.4,98.6,101.8,102.6,99.7,102.5,101.0,101.8,102.6,100.8,100.7,100.3,101.5,101.6,101.7,99.3,98.1,97.6,101.6,101.3,101.9,100.2,100.2,98.1
62,4.85,6.0,7.3,8.45,9.1,7.95,13.15,9.85,12.8,11.4,15.4,19.1,19.25,22.7,29.1,32.7,34.7,38.15,49.0,50.0,50.5,62.2,63.2,67.7,74.0,74.75,79.5,82.85,88.8,87.95,88.3,95.65,93.7,93.75,96.45,95.15,96.3,99.9,97.7,98.65,98.15,100.1,99.4,98.2,99.4,98.45,99.85,102.35,101.7,99.3,99.7,100.85,97.1,98.85,98.85,99.9,100.8,102.1,100.1,99.85,100.45,102.05,102.8,98.0,97.5,97.9,100.0,103.9,100.0,99.1,100.4,98.1,99.6,97.2,100.3,102.2,98.8,99.3,99.9,98.8,99.6,98.4,98.6,98.9,100.9,98.7,99.5,99.2,100.4,101.9,101.0,98.1,99.2,100.1,101.5,100.9,100.0,97.2,101.2,101.5,98.4
63,5.5,7.3,5.15,8.6,8.05,8.5,9.85,10.7,10.1,11.15,14.05,17.4,18.65,24.6,28.4,32.2,33.85,38.7,44.45,49.1,55.7,58.0,64.6,69.35,74.6,73.3,79.45,83.55,82.05,88.1,88.8,90.1,93.1,95.6,97.8,98.35,96.55,97.4,96.95,100.2,98.5,99.65,95.95,100.95,99.05,101.45,103.95,99.15,101.1,102.1,98.2,99.8,98.65,98.85,100.8,98.0,98.9,99.55,99.9,100.55,100.65,97.9,98.9,101.3,102.0,97.0,100.7,99.7,99.5,101.6,98.5,99.9,99.4,98.4,102.4,98.9,101.5,98.6,99.8,100.2,101.8,100.9,102.1,100.9,103.9,102.4,98.8,99.2,98.9,99.8,103.4,98.4,100.3,102.2,99.9,97.3,100.5,99.8,100.7,100.2,101.4
64,5.65,6.45,5.95,7.0,9.25,7.45,7.8,10.5,9.05,11.25,16.4,19.85,19.7,23.8,28.55,29.6,34.05,42.9,47.6,49.35,52.5,59.85,62.2,69.55,71.2,72.5,80.4,86.3,84.2,90.95,90.45,92.1,93.35,95.25,98.6,95.4,97.25,95.4,99.65,97.35,95.2,100.35,99.0,99.75,98.85,100.95,101.4,98.65,99.7,97.7,100.95,99.85,96.2,99.55,100.5,100.65,99.65,97.7,102.95,100.75,99.35,101.9,98.2,100.8,99.3,99.6,98.6,100.1,101.0,99.3,100.2,100.3,101.7,99.7,101.9,95.0,101.9,97.4,100.2,101.9,98.8,100.7,101.1,98.9,100.5,98.6,102.7,100.0,102.4,100.0,98.5,100.9,100.8,102.6,98.9,101.4,101.7,100.9,102.0,99.6,100.7
65,5.45,5.1,5.85,7.35,9.35,7.3,12.0,9.9,12.05,13.15,15.4,19.25,19.75,23.75,28.25,30.9,32.95,40.45,47.8,52.6,51.55,58.0,64.0,68.2,74.4,78.3,78.5,83.45,85.0,89.65,89.35,92.35,91.3,96.05,95.2,94.9,96.4,96.0,99.35,96.45,97.95,100.65,100.45,97.4,100.4,100.55,98.15,98.05,102.8,101.3,99.65,98.7,102.3,100.65,98.45,101.15,98.75,99.45,100.4,96.85,100.55,97.25,99.1,102.9,97.1,100.6,101.0,104.8,98.9,99.2,99.1,99.4,99.4,101.4,102.0,101.2,98.4,99.8,102.0,101.4,97.8,101.4,102.0,101.0,100.0,101.3,102.7,99.9,100.6,99.7,99.2,100.7,102.2,102.3,100.0,100.2,97.4,102.2,103.3,100.1,98.7
66,6.1,6.3,5.85,10.15,7.35,8.35,11.65,10.6,11.2,12.15,15.75,15.4,19.55,25.7,28.6,28.4,35.95,39.4,43.75,50.0,52.65,60.4,60.9,69.65,72.45,74.3,81.75,84.55,85.7,84.1,92.25,92.1,94.6,96.85,95.65,94.55,97.0,98.05,97.3,98.95,98.45,97.7,99.85,98.45,101.15,101.75,101.05,101.4,98.8,100.75,100.4,99.5,100.6,98.7,100.85,98.4,101.55,99.65,101.5,102.05,100.95,98.8,97.4,96.8,97.8,97.7,100.2,97.3,96.4,100.0,103.0,100.9,100.8,98.0,102.3,100.6,98.4,98.8,98.8,100.9,99.6,100.0,98.9,98.2,99.8,101.1,99.9,99.7,98.4,101.5,100.4,98.3,101.5,98.2,101.1,98.8,97.8,103.1,99.2,99.5,101.1
67,7.85,5.3,6.95,6.65,9.45,8.55,9.2,9.4,11.05,11.8,15.2,16.7,20.15,26.0,30.05,30.95,34.6,41.3,47.3,50.5,56.25,62.0,60.65,65.9,75.55,74.25,79.55,84.05,85.5,86.95,89.0,90.15,97.05,95.75,96.05,99.35,96.7,95.75,94.7,97.75,93.95,99.4,98.9,100.5,100.25,99.35,97.45,101.25,98.9,98.5,100.65,100.9,98.1,99.8,100.3,101.2,98.25,99.45,99.8,101.15,100.2,98.5,100.4,100.9,98.7,98.2,101.0,98.6,100.0,100.5,101.8,100.4,101.4,97.5,99.7,98.5,97.8,101.0,100.9,100.6,99.4,100.1,97.1,102.0,100.0,96.2,99.0,103.1,102.6,100.6,100.2,99.7,103.5,100.5,100.2,99.5,99.4,99.5,99.4,99.6,99.4
68,8.1,6.35,6.6,6.15,8.55,9.3,9.65,10.45,11.95,12.55,14.05,16.25,19.85,24.7,27.85,29.7,33.9,39.95,46.2,52.85,51.6,59.9,63.2,68.35,71.5,75.6,79.8,82.9,85.9,88.2,88.85,90.9,94.05,95.1,95.65,94.45,97.05,97.1,97.6,97.35,96.75,99.25,98.35,101.35,99.15,99.5,97.05,99.2,100.4,99.8,100.4,101.5,96.2,101.4,98.55,99.2,100.75,100.85,101.25,96.7,100.75,101.55,98.3,102.3,102.0,102.2,100.3,97.1,101.2,100.0,101.3,99.7,101.0,100.3,98.6,102.4,99.2,99.7,100.7,101.5,98.9,99.3,101.3,97.1,100.3,101.4,100.0,100.6,98.1,101.7,100.6,98.8,101.5,101.0,100.4,100.9,100.7,102.4,100.3,98.0,100.4
69,6.05,7.1,6.15,7.95,7.6,9.35,9.1,9.7,9.95,14.2,16.4,14.1,18.8,24.15,29.0,30.9,33.35,40.3,46.6,52.1,56.0,59.5,61.6,67.1,71.35,75.25,79.9,84.5,87.4,87.35,90.95,93.0,92.3,93.5,98.25,97.25,96.9,97.05,96.3,99.0,98.1,99.25,100.4,100.2,97.6,98.95,100.1,98.15,99.2,101.4,102.2,98.35,98.15,100.4,100.8,99.55,99.0,100.0,99.35,99.0,99.4,101.65,102.2,101.3,98.2,101.0,100.6,101.1,101.5,97.4,102.7,100.1,98.6,98.8,100.0,98.2,100.8,101.1,100.1,101.6,99.8,101.8,100.4,100.1,100.1,101.0,97.5,99.8,99.5,99.5,98.1,97.3,100.1,97.9,98.7,101.8,100.9,101.1,101.9,100.0,96.9
70,6.5,4.85,5.25,7.9,7.1,10.25,12.2,12.35,12.0,12.95,14.35,16.3,18.8,24.8,29.5,29.95,32.65,40.9,47.2,48.05,54.0,59.25,63.9,66.5,70.55,75.9,82.65,81.95,83.3,87.35,86.4,91.9,91.75,93.6,96.55,95.4,95.35,94.95,97.0,97.95,99.1,99.05,100.6,98.7,99.4,98.55,101.0,98.0,101.25,99.2,100.9,97.5,98.9,99.3,99.7,102.15,103.2,98.25,101.95,101.7,100.65,101.2,102.1,98.2,97.7,98.6,100.8,98.4,99.6,98.1,99.1,99.2,99.4,100.3,102.1,99.4,101.8,101.1,99.3,98.5,101.2,102.0,98.5,100.4,100.1,98.9,99.5,96.6,99.9,100.1,99.5,99.2,98.7,101.5,99.9,101.7,99.5,100.4,100.5,98.8,100.0
71,6.95,6.7,6.6,6.7,10.1,10.25,8.9,10.9,10.9,12.7,14.15,18.65,19.1,27.6,29.05,27.7,33.25,41.85,47.85,50.7,55.15,61.7,64.65,67.25,67.8,73.75,80.15,85.45,85.75,86.25,89.55,89.6,94.0,95.85,94.7,93.55,93.6,96.45,99.4,96.7,101.45,99.55,101.3,98.35,102.15,100.5,97.8,100.3,101.9,99.55,99.75,103.1,101.05,100.9,101.2,98.1,99.35,98.95,99.35,99.6,99.6,100.5,98.2,100.4,98.4,99.6,100.6,103.4,97.6,100.5,100.3,98.4,99.8,101.1,99.6,101.6,100.1,102.0,97.4,101.1,100.0,97.5,100.6,97.9,100.8,101.9,97.9,103.5,97.8,99.3,102.0,98.9,102.8,98.7,96.8,99.1,99.0,98.4,98.7,100.2,99.9
72,6.75,6.75,9.65,6.3,8.75,8.05,8.9,10.8,10.6,12.7,11.8,18.8,19.0,25.2,29.25,32.75,34.7,40.65,45.5,50.35,51.8,61.05,61.55,68.8,73.2,75.45,79.6,81.65,89.15,87.85,89.05,92.65,94.2,93.85,97.95,95.55,93.9,97.4,97.25,97.6,100.15,99.4,100.25,99.5,102.3,99.5,99.85,99.6,102.35,97.8,98.6,96.75,101.9,100.4,98.15,98.05,97.25,99.5,100.0,101.55,101.15,101.65,100.3,99.3,98.6,101.8,100.6,102.6,100.9,101.1,100.7,99.5,100.6,100.7,99.8,100.9,99.6,99.3,98.9,100.6,101.5,101.0,100.7,98.5,100.6,97.2,102.2,104.2,99.2,101.3,97.0,101.3,98.6,100.1,97.7,101.8,101.7,98.7,101.3,103.6,102.2
73,6.9,7.0,6.9,6.45,8.15,9.9,9.7,11.4,9.5,13.1,16.0,20.25,20.4,24.95,28.7,29.75,31.15,38.85,46.55,51.05,52.8,61.8,62.5,62.6,71.2,75.65,81.45,82.95,84.35,89.85,88.1,92.7,91.1,94.55,97.65,96.65,94.05,95.0,100.3,99.35,98.85,98.35,94.2,99.2,102.35,100.2,98.35,101.75,99.3,102.65,99.1,98.85,99.95,100.35,100.45,100.7,98.85,103.4,101.45,97.25,100.95,100.1,99.5,102.7,101.3,101.4,101.8,97.0,101.1,98.1,101.1,101.7,98.4,100.3,100.3,101.6,98.6,101.4,101.2,100.3,101.1,99.7,103.4,101.3,99.9,98.3,101.7,102.0,99.8,100.3,103.3,100.6,99.2,100.8,100.2,100.8,100.6,99.7,102.1,97.5,100.4
74,5.95,5.9,5.95,7.95,8.0,9.1,9.65,12.55,10.55,12.9,14.1,15.95,20.0,23.8,27.45,31.9,32.35,40.65,50.7,49.75,56.35,60.15,63.8,66.95,70.9,72.9,79.4,84.0,84.4,88.0,90.15,92.9,95.85,95.75,96.6,94.95,96.8,98.25,96.55,96.3,99.75,100.85,100.15,97.85,97.6,99.5,99.85,102.5,100.4,100.05,97.1,98.25,99.85,96.85,101.2,100.2,99.65,99.1,103.15,101.15,100.5,101.05,102.2,97.7,101.0,98.9,99.2,99.5,98.8,100.4,99.4,103.0,98.9,98.2,103.7,100.1,101.5,101.4,101.5,97.5,101.5,101.7,100.9,100.6,101.5,100.6,102.2,99.5,98.4,97.0,100.6,98.8,101.8,96.7,100.7,102.0,99.9,100.4,96.0,101.9,98.3
75,6.25,6.2,5.15,6.45,7.65,7.3,10.9,10.0,11.55,12.05,14.85,17.5,19.7,23.75,28.8,29.85,35.3,40.2,49.3,54.5,54.9,59.75,60.75,66.95,72.35,75.35,81.55,84.8,86.85,86.9,88.7,91.2,93.7,96.45,92.1,94.35,95.05,96.65,99.25,100.55,99.4,97.5,101.35,99.65,100.2,101.45,99.2,97.8,99.4,100.6,99.3,99.2,97.2,99.35,99.2,100.0,99.25,102.05,101.4,99.35,101.3,96.85,98.2,101.4,102.8,102.0,101.3,97.1,99.0,97.4,99.7,101.4,96.3,97.7,100.2,100.3,97.5,101.2,101.5,100.2,100.6,98.0,102.2,99.0,98.1,100.5,98.3,103.0,100.1,97.1,98.8,98.4,97.3,103.1,102.7,98.5,102.1,100.1,99.8,99.6,100.0
76,6.85,6.75,6.55,7.2,9.9,9.85,11.9,11.45,11.75,12.4,16.15,18.45,20.1,27.2,26.7,29.95,34.35,43.8,44.95,51.65,51.75,63.2,61.0,67.7,75.8,76.25,77.3,82.95,84.25,89.0,88.75,92.3,90.85,91.7,96.0,94.6,94.85,97.4,99.0,99.6,98.15,103.15,99.05,100.7,99.55,97.9,100.0,100.55,97.3,99.05,100.35,103.0,100.85,98.1,99.1,100.75,100.15,98.75,99.65,100.0,100.95,98.95,98.7,98.8,99.3,99.6,99.1,99.7,102.3,98.0,99.0,104.7,102.5,96.9,99.2,101.8,101.1,99.2,101.4,103.9,100.1,101.1,99.8,99.5,97.9,102.3,100.7,102.5,99.1,99.2,97.8,100.8,101.1,101.3,103.0,98.7,98.3,100.7,99.2,101.5,101.0
77,7.4,5.95,8.65,6.35,9.4,7.5,9.55,11.7,10.85,11.3,13.95,18.95,20.0,25.3,27.7,31.7,33.9,37.95,46.75,53.15,53.9,60.2,63.7,66.15,71.8,76.25,83.1,83.25,85.5,85.65,89.55,95.15,95.2,93.8,96.3,95.0,96.85,95.7,98.45,98.0,98.8,99.9,98.7,98.8,99.8,100.15,100.0,95.9,101.2,99.15,97.75,100.25,97.5,100.65,99.6,98.85,98.7,98.9,98.6,100.35,99.6,100.05,102.5,102.5,100.3,101.7,100.6,97.6,101.1,101.9,97.2,99.6,96.8,99.1,98.9,100.4,101.8,100.5,100.3,100.0,100.4,97.9,100.4,98.1,101.8,98.3,96.0,101.1,100.8,99.2,102.6,99.4,98.3,101.8,98.8,99.0,100.2,99.3,98.3,101.1,99.8
78,5.35,5.95,5.5,6.7,8.7,8.7,9.9,10.85,12.15,13.25,15.05,20.9,19.25,25.6,28.3,31.8,31.9,38.45,50.2,48.15,50.75,61.55,61.6,67.55,72.95,76.55,79.65,81.55,86.15,89.45,88.5,87.9,92.75,96.25,94.85,96.9,96.15,95.8,97.0,101.95,99.0,99.75,101.3,100.75,101.1,99.7,101.3,98.85,100.45,104.25,97.2,102.45,99.9,100.7,100.0,99.65,100.9,100.2,99.8,101.85,100.85,98.45,98.8,98.4,100.3,97.9,100.0,98.5,100.3,99.4,100.1,98.8,101.5,103.1,100.8,101.4,100.1,101.3,100.5,99.6,100.4,100.2,102.3,102.4,99.4,102.5,100.6,100.6,99.2,99.6,101.7,103.1,98.7,100.4,99.8,100.3,99.3,98.9,101.8,99.0,102.0
79,5.8,5.75,6.45,7.3,8.05,10.35,10.6,12.1,9.65,11.2,15.9,17.05,19.9,26.35,27.25,29.3,35.9,40.35,46.35,51.25,54.95,60.65,62.55,66.15,74.25,76.15,80.65,83.5,86.6,88.6,90.0,91.95,93.4,96.7,94.3,97.5,97.0,96.95,100.05,101.3,97.9,98.65,98.15,99.2,99.3,101.4,100.9,99.95,100.05,100.55,99.5,96.3,101.75,99.85,101.15,103.35,99.65,101.1,98.25,97.75,102.0,97.95,99.8,101.4,100.0,100.0,98.7,101.9,99.0,96.4,102.2,100.9,100.4,100.7,100.3,98.9,97.9,100.9,102.3,102.7,99.3,101.8,97.5,99.4,100.4,102.3,101.7,99.4,100.9,102.5,100.5,100.4,101.4,100.7,99.0,99.5,99.3,98.0,103.8,102.0,99.3
80,5.85,5.8,7.4,8.45,9.45,8.0,10.55,11.85,9.65,14.35,14.5,18.5,20.35,26.2,29.8,28.8,33.85,42.85,51.4,49.9,52.3,59.05,63.5,69.6,72.4,76.65,78.6,81.15,84.45,87.75,91.8,93.45,90.6,95.1,96.5,98.5,95.0,96.8,96.65,101.65,99.75,101.4,100.3,100.05,100.8,99.95,99.6,101.1,99.4,101.5,101.25,100.05,102.55,100.7,101.5,99.7,100.75,97.95,98.0,101.3,100.5,97.5,102.4,99.8,100.8,98.4,99.6,99.6,99.7,98.7,100.9,100.9,101.3,100.1,98.6,101.1,99.8,100.0,101.4,100.1,102.3,103.5,97.7,98.4,97.6,99.6,97.7,100.8,101.4,100.6,100.4,101.2,98.0,100.4,98.2,99.5,99.6,100.3,99.9,97.0,99.3
81,4.85,5.15,4.4,6.6,7.55,9.5,10.15,9.95,11.7,12.75,13.7,16.0,18.9,22.2,26.0,31.5,35.8,38.25,49.9,52.5,54.25,60.25,63.15,67.4,74.7,76.1,79.35,80.15,86.15,88.55,90.1,92.25,92.0,92.8,95.1,96.4,96.95,98.65,97.55,97.35,97.3,98.4,97.0,96.95,103.0,100.95,98.85,97.5,99.5,100.5,99.85,100.05,98.4,100.85,98.35,102.05,102.2,102.25,100.95,100.15,98.8,98.95,98.6,100.5,98.4,101.5,97.6,99.3,102.2,99.7,99.5,98.8,100.0,101.8,98.9,100.1,98.5,97.3,100.4,98.7,102.9,100.9,98.5,99.9,101.9,101.6,101.2,100.4,101.6,99.2,100.0,100.5,96.1,100.1,98.4,101.0,99.1,99.9,98.7,99.8,100.4
82,6.95,5.45,6.65,7.95,8.5,11.0,11.05,11.2,11.6,13.5,14.85,16.6,18.8,24.65,27.2,29.45,33.1,42.65,47.5,52.4,55.2,61.15,62.4,66.05,69.95,75.85,80.05,82.45,86.55,88.5,88.0,90.9,95.55,92.2,93.9,96.8,95.65,95.0,95.35,98.65,98.6,98.65,99.5,100.35,98.65,100.6,98.5,98.4,101.85,101.7,101.4,101.6,99.85,98.6,97.1,99.55,99.5,97.4,98.6,103.5,101.15,103.65,101.1,103.9,100.3,99.0,99.7,101.1,98.2,100.5,100.6,100.5,101.4,98.5,96.9,98.5,101.1,103.9,97.4,95.1,98.1,101.5,98.9,99.0,99.7,99.0,101.9,99.9,96.3,99.6,99.4,100.9,102.3,96.8,100.5,101.2,99.1,98.8,98.5,99.8,103.9
83,6.45,6.0,6.05,6.6,8.4,10.85,12.4,13.2,13.4,11.55,13.7,17.85,18.45,26.05,29.45,27.45,36.45,39.8,51.4,50.2,53.8,60.9,61.75,67.8,71.9,76.8,78.25,81.25,85.35,87.35,89.15,89.95,92.85,93.85,95.8,96.3,94.1,97.15,98.55,99.85,99.4,102.55,99.95,100.45,98.6,97.25,98.05,99.9,100.55,101.3,99.0,101.4,101.35,99.5,99.8,99.3,102.6,103.55,100.3,98.05,102.65,100.3,100.5,96.6,97.7,97.5,100.8,98.3,99.8,100.6,100.6,99.5,97.9,101.5,98.2,102.9,98.1,100.3,100.7,101.3,98.1,99.4,100.6,101.8,100.2,100.8,103.3,96.8,99.0,101.2,98.8,100.2,100.2,100.5,100.9,101.3,98.5,100.3,98.3,100.6,99.1
84,6.2,6.6,6.15,7.75,7.55,8.9,9.75,11.4,11.7,14.7,13.55,14.95,18.45,25.25,28.4,30.25,34.1,40.45,45.55,50.05,52.2,59.45,63.6,68.45,72.05,75.25,80.4,85.7,87.05,89.15,89.65,91.35,91.25,92.9,95.95,96.85,95.95,97.45,99.65,100.5,100.5,96.8,99.3,101.0,99.4,100.8,94.75,99.35,100.15,101.15,101.85,98.75,102.85,102.05,99.2,98.4,99.35,101.55,101.85,100.45,98.7,99.65,99.1,98.3,102.8,99.8,98.2,99.8,99.2,99.8,98.9,102.1,103.7,100.3,98.2,102.0,102.9,100.1,103.0,101.7,97.5,99.1,98.5,99.7,99.5,100.8,100.6,100.9,100.5,102.2,101.1,97.7,100.1,100.0,100.3,99.7,98.7,101.9,101.8,101.1,99.7
85,5.65,6.25,6.95,6.3,10.3,9.0,8.95,10.8,10.15,14.1,13.25,16.5,19.95,22.75,25.7,28.4,34.7,41.3,48.35,49.9,54.35,59.35,60.45,66.25,72.85,75.35,78.05,81.4,85.4,87.1,90.9,91.2,94.2,93.35,98.2,95.85,92.6,96.15,98.3,100.1,94.75,101.25,100.0,97.2,98.6,98.0,98.95,99.4,102.35,102.7,102.05,103.7,99.1,100.7,98.05,101.85,99.35,99.55,99.4,100.5,98.6,97.95,99.0,100.7,99.4,100.4,101.1,99.2,95.6,99.5,97.3,99.9,99.8,99.5,100.3,99.8,98.7,99.9,98.8,99.8,102.8,99.2,99.5,99.3,97.7,100.0,100.2,99.9,99.1,100.7,97.4,99.7,98.6,100.9,101.5,100.6,99.9,97.2,101.1,104.4,99.1
86,6.4,4.9,6.3,7.25,7.4,9.65,9.45,10.95,9.45,12.4,15.4,17.4,20.1,27.05,30.8,31.9,34.4,41.6,46.6,49.95,55.25,59.2,61.15,68.1,74.4,78.35,80.4,82.8,85.95,92.35,89.9,90.85,95.4,92.75,95.7,98.3,95.3,95.9,97.5,97.8,96.7,98.85,99.25,97.55,101.15,101.2,99.15,99.65,99.95,98.75,100.9,100.25,99.8,98.25,96.95,99.35,101.8,99.4,100.15,99.25,96.25,100.1,96.9,99.2,101.5,97.8,98.5,98.9,100.8,99.3,98.9,99.9,98.3,98.3,99.2,100.2,102.0,100.1,98.7,102.0,97.0,102.1,98.9,101.0,100.0,99.3,98.3,96.8,99.8,99.2,99.5,100.9,101.7,100.6,102.1,99.4,97.5,100.7,101.3,100.6,101.9
87,7.6,6.15,8.4,9.7,6.75,9.25,10.2,9.1,10.0,11.15,15.35,17.4,20.2,25.2,28.15,29.0,32.75,39.1,45.55,53.85,53.5,63.0,59.75,65.95,70.75,77.0,80.55,83.5,87.85,89.85,88.45,91.0,94.15,94.6,94.8,98.05,96.15,96.25,97.85,98.6,97.1,97.65,100.0,101.0,97.7,101.15,98.95,100.55,99.9,101.6,100.7,97.4,97.65,97.55,100.5,99.1,98.25,101.2,101.95,99.25,97.85,97.05,100.7,100.8,97.4,98.9,98.5,99.3,101.4,100.9,100.7,101.4,98.7,101.0,100.6,100.9,100.7,100.7,102.5,97.6,100.0,101.8,101.9,101.4,100.7,100.8,100.0,100.3,100.9,100.3,98.3,98.7,99.6,97.8,103.2,99.1,98.9,99.1,102.1,99.4,101.5
88,7.25,4.55,5.2,8.55,8.75,10.0,9.9,10.5,13.6,15.4,15.5,17.6,19.2,25.5,26.85,32.8,34.15,39.65,46.4,51.95,51.8,61.85,63.35,65.45,71.05,75.05,81.25,83.25,87.15,89.05,91.6,94.6,92.5,95.35,94.95,96.65,97.3,95.45,97.9,97.3,99.95,98.2,100.65,102.0,101.25,101.35,99.2,99.85,98.8,99.6,100.6,99.35,98.65,98.5,98.3,101.85,100.45,97.75,101.55,100.1,98.7,100.4,98.7,98.8,100.3,97.9,105.7,100.7,99.2,100.4,99.2,101.7,99.4,97.9,102.5,99.2,101.3,98.2,99.5,99.8,98.8,99.4,99.1,101.9,99.7,99.5,99.8,101.2,99.6,101.1,102.2,99.8,101.7,99.1,102.4,100.0,99.2,100.2,98.2,97.8,99.6
89,6.15,5.8,7.8,7.55,8.85,9.0,11.45,11.05,9.35,13.3,13.85,17.85,21.15,25.7,29.5,31.45,34.75,41.85,49.5,51.05,51.65,57.45,62.95,67.05,69.0,76.5,77.8,83.35,86.05,87.9,92.55,89.6,91.75,93.35,94.75,93.25,96.3,98.25,97.35,99.0,97.05,98.65,99.15,100.2,102.25,100.55,101.75,99.15,97.55,100.0,100.85,100.1,98.15,98.8,98.65,99.6,98.55,97.3,99.4,100.2,99.8,100.15,100.4,103.3,99.6,102.8,98.4,98.4,97.3,100.7,102.1,101.1,100.5,97.4,99.2,101.0,102.3,100.2,100.2,99.9,101.0,99.8,100.5,99.6,98.8,99.3,101.0,98.6,103.2,102.5,102.8,99.6,100.7,101.3,101.8,97.5,101.3,100.1,101.5,100.4,99.4
90,5.9,7.05,5.7,7.3,9.4,8.45,10.65,10.65,12.55,12.4,15.05,17.8,19.25,24.55,30.35,28.75,32.65,41.3,46.65,50.55,54.0,60.35,61.95,66.05,72.1,76.85,81.45,83.4,86.55,87.65,88.6,91.4,93.2,96.25,97.6,94.45,96.6,98.4,98.3,101.7,98.45,97.55,98.15,98.85,98.9,99.1,99.5,99.45,98.5,97.65,98.6,96.9,103.2,100.75,100.25,99.95,98.65,100.45,102.7,103.45,99.8,98.15,98.8,98.9,99.3,96.5,100.8,101.4,99.8,101.0,99.8,100.6,101.2,99.0,100.9,100.9,100.9,100.2,102.6,102.2,95.8,100.6,99.7,99.9,98.0,98.5,98.6,98.1,100.6,99.1,101.1,99.4,99.5,99.8,99.9,102.2,98.9,100.2,100.2,98.8,100.7
91,7.35,5.95,8.0,7.45,9.05,8.6,7.8,10.95,9.85,11.05,15.35,16.65,19.15,26.35,30.7,30.9,29.85,42.05,48.0,52.65,56.95,57.75,64.3,67.6,73.65,75.75,81.15,82.4,84.4,90.3,90.75,91.85,94.85,94.75,95.35,94.6,97.05,96.5,99.65,99.25,100.2,97.65,100.7,99.6,97.9,98.9,101.3,101.1,96.8,100.7,98.85,99.55,100.65,98.4,101.05,98.25,98.5,101.55,101.5,101.6,101.9,100.2,99.9,100.7,100.7,101.0,96.6,98.4,100.3,96.3,99.7,96.5,103.5,101.4,100.7,98.7,101.1,98.8,99.5,99.2,101.5,101.2,98.0,99.7,102.2,102.2,99.8,99.8,100.1,101.0,99.6,102.1,99.2,100.2,98.1,97.9,99.1,101.6,100.0,101.1,100.8
92,5.4,7.35,5.15,6.4,8.45,10.5,10.35,9.85,10.95,13.25,14.75,16.55,20.75,25.95,29.55,30.65,35.25,39.65,47.55,51.05,50.65,62.45,65.05,65.1,74.9,76.1,80.8,82.6,84.45,87.85,87.5,92.75,92.2,93.95,96.5,96.8,96.05,96.05,98.95,98.4,98.1,99.2,97.5,98.85,97.5,97.7,102.25,98.15,100.55,97.1,97.5,99.15,98.8,101.35,95.95,99.2,98.8,100.65,96.65,99.45,100.05,101.3,101.0,99.3,100.6,100.0,100.6,101.0,97.9,98.1,97.4,99.5,100.3,101.3,102.1,99.4,101.3,99.0,99.5,101.1,98.9,98.9,100.4,99.8,99.6,103.0,100.5,101.0,99.5,100.3,101.5,102.3,102.7,100.4,100.9,98.9,97.7,100.4,99.0,102.7,100.9
93,6.25,6.1,6.3,7.05,9.65,8.1,9.15,11.25,9.0,13.65,12.8,16.25,20.25,23.7,27.0,31.45,34.0,41.55,48.5,50.9,51.9,60.45,65.55,69.1,75.5,79.65,80.8,83.3,84.7,88.75,87.75,89.95,90.4,96.45,94.05,97.55,96.25,97.35,97.5,99.1,97.2,99.05,102.4,96.7,99.7,97.95,101.4,98.8,101.75,99.8,99.6,98.85,98.45,100.8,97.4,101.45,98.3,101.45,102.8,101.15,100.3,98.65,101.6,104.5,100.4,100.7,99.2,99.7,101.0,97.7,99.2,98.8,102.7,101.8,97.4,100.0,96.6,98.0,99.7,101.9,100.4,99.2,95.9,98.7,99.5,101.0,98.6,101.8,100.0,99.5,100.0,98.4,97.9,100.1,100.7,102.8,98.3,99.6,100.2,97.9,102.4
94,4.7,5.85,6.5,6.7,6.95,9.8,11.9,12.25,9.8,11.4,13.4,18.25,19.9,22.85,29.2,31.65,32.45,40.2,47.95,50.25,54.55,60.25,63.25,65.9,71.45,75.25,84.2,84.55,86.5,88.6,90.55,90.65,90.6,94.95,95.85,99.15,96.3,96.0,98.55,100.5,99.45,97.1,99.65,98.85,99.5,100.65,101.95,100.65,102.2,100.25,100.25,97.55,99.95,103.8,100.15,99.55,99.95,101.85,99.05,99.3,100.25,100.95,100.6,96.7,99.6,101.0,99.5,100.2,100.3,100.8,100.9,102.2,100.9,101.1,99.5,100.9,100.2,101.9,99.3,98.8,103.0,98.3,94.8,98.5,99.7,99.6,100.8,100.0,99.1,100.1,101.1,97.1,101.7,100.4,99.7,102.1,99.0,101.4,98.0,100.0,101.7
95,6.15,5.4,7.85,7.2,8.7,8.85,9.95,9.45,11.8,11.2,12.45,17.8,19.35,26.95,30.4,30.6,33.15,40.7,47.3,50.55,52.0,60.7,60.15,67.95,73.4,75.4,78.85,82.05,85.85,88.35,92.05,90.05,91.5,93.6,96.25,94.4,97.85,96.55,99.5,100.5,96.25,94.95,100.95,98.65,97.0,100.5,99.55,100.15,98.8,99.45,96.45,102.6,101.4,99.3,100.3,100.85,98.9,98.55,100.4,98.15,99.25,101.65,99.5,98.7,99.1,99.9,97.2,101.4,98.9,98.9,101.0,102.8,99.5,99.8,102.3,99.4,101.4,100.1,100.3,99.5,103.4,102.3,99.5,101.3,101.0,99.4,99.2,99.8,100.6,98.4,101.9,99.0,101.4,101.3,102.1,99.9,100.4,99.4,101.2,101.0,99.0
96,5.3,6.05,6.15,7.5,8.85,8.35,9.6,10.5,13.0,11.75,16.3,15.85,18.45,22.8,25.2,31.25,31.9,39.25,49.2,47.65,53.85,59.7,62.05,69.35,72.8,75.15,81.8,81.7,89.65,88.85,87.05,92.85,92.9,93.6,96.65,99.65,95.55,96.85,98.65,100.6,99.0,99.45,99.6,103.3,101.0,99.9,98.55,99.75,101.15,99.25,97.85,100.35,98.7,100.75,101.15,99.3,100.45,100.0,97.5,95.85,102.0,97.55,100.6,99.4,97.4,101.5,99.8,102.1,99.3,100.4,104.1,100.1,102.2,99.9,99.0,100.5,99.4,102.9,102.1,102.3,98.4,100.2,101.0,101.9,99.1,100.4,99.0,101.5,96.2,100.6,99.5,98.4,101.5,100.5,103.9,99.3,97.1,101.7,103.3,99.0,100.1
97,5.05,7.4,6.6,6.6,6.85,7.1,9.85,10.85,11.75,11.65,13.95,16.65,20.1,26.1,29.45,29.25,35.4,39.85,46.1,51.8,53.45,57.85,62.0,66.0,69.75,76.5,80.2,82.4,85.65,84.8,87.8,90.2,95.05,95.85,96.3,93.7,98.15,98.9,99.05,98.7,98.4,97.4,99.85,102.0,100.65,97.75,99.1,100.05,98.95,99.25,100.9,101.4,102.75,98.15,98.55,99.45,97.65,101.5,101.85,101.95,100.25,101.35,101.8,99.3,97.7,98.3,100.0,100.2,99.5,101.2,101.5,99.6,98.2,96.8,102.9,99.7,100.7,100.8,100.8,101.2,99.7,99.9,98.8,101.3,98.6,97.8,101.2,99.8,102.0,101.3,99.0,100.6,100.1,97.7,99.6,99.4,99.9,97.3,98.5,98.8,101.7
98,6.25,5.8,6.8,7.4,11.0,8.05,8.15,12.7,11.8,14.1,14.05,18.0,20.3,22.5,28.0,30.05,35.4,40.9,45.2,50.6,54.6,58.8,63.85,65.5,70.95,78.2,82.95,84.6,83.9,90.9,88.55,91.5,95.0,94.95,97.35,94.6,94.5,97.6,98.6,99.05,99.4,99.55,96.2,100.5,102.2,100.65,100.8,99.3,100.15,99.95,99.5,100.2,100.0,101.8,99.6,100.9,100.25,99.3,100.5,98.9,100.65,97.95,101.7,102.3,99.6,100.8,101.0,103.0,99.3,102.1,99.4,101.4,100.6,102.6,99.7,100.1,97.4,101.0,98.8,101.7,100.7,101.6,101.7,96.3,103.1,99.7,99.0,99.9,96.8,99.7,98.9,99.5,99.6,100.3,100.2,103.0,100.3,98.8,99.7,100.3,100.2
99,6.15,4.9,5.8,7.65,8.35,10.5,10.5,9.25,11.35,13.0,16.95,18.35,19.75,22.65,29.65,29.75,31.6,42.85,48.0,51.55,53.4,62.45,61.45,66.4,72.05,73.65,82.2,83.0,82.1,87.35,89.2,90.05,93.65,93.9,96.7,95.35,96.8,97.9,98.25,97.55,100.3,99.95,100.05,101.8,97.7,98.3,99.15,99.95,98.5,100.15,99.0,101.45,103.0,102.25,99.05,101.55,101.2,101.35,99.45,103.0,101.6,99.1,99.7,99.2,100.5,100.7,100.3,101.5,100.2,99.8,103.6,98.8,101.7,100.7,101.8,100.1,100.9,103.4,97.3,98.3,98.9,98.2,100.8,99.4,100.4,101.4,98.5,100.7,100.7,97.6,99.7,99.4,97.6,102.3,100.2,99.1,101.6,100.6,100.2,100.7,100.4
